instruction,median_value,mean_value,std_value,var_value,min_value,max_value,coefficient_of_variation
_noise,1.9031252179827005e-08,1.874769301641555e-08,6.713038632630997e-09,4.506488768319625e-17,4.863739013671876e-09,2.837589808872768e-08,0.35807278403550963
_programoffset,0.008676189846462675,0.00890515887548053,0.0005819149725045376,3.386250352249568e-07,0.008315313430059524,0.010043443952287946,0.0653458271369849
_unknown_cost,1e-08,1e-08,0.0,0.0,1e-08,1e-08,0.0
add,1.9414538428896953e-08,1.8970852806454614e-08,4.708359430075545e-09,2.2168648522781316e-17,1.0808308919270834e-08,2.5573003859747025e-08,0.2481891287709312
alloca,1.9190197899228052e-08,1.8840789794921878e-08,4.568388938917603e-09,2.0870177497224704e-17,1.0596684047154017e-08,2.8399512881324397e-08,0.24247332456035955
and,2.0235152471633184e-08,2.012098403204055e-08,3.3670691728840064e-09,1.1337154814985788e-17,1.3213384719122024e-08,2.568108694893973e-08,0.16734117812142305
ashr,2.026557922363281e-08,2.0175933837890623e-08,3.5902203371710066e-09,1.2889682069436298e-17,1.3147989908854168e-08,2.6185171944754464e-08,0.17794568350677945
br,1.0622115362258185e-08,1.0640008108956474e-08,2.8972097079883066e-09,8.393824092061688e-18,4.461379278273806e-09,1.620701381138393e-08,0.27229393796697515
call,1.495225088936942e-08,1.4461244855608259e-08,4.847778252834139e-09,2.3500953988651625e-17,2.4641127813430014e-09,2.0770118350074404e-08,0.33522551490123675
fadd,1.7454964773995538e-08,1.662762959798177e-08,4.467277566328881e-09,1.9956568854625285e-17,8.48134358723958e-09,2.2806440080915185e-08,0.2686659298010289
fdiv,1.5958150227864583e-08,1.5609650384812127e-08,3.812952573737317e-09,1.453860732957003e-17,9.803771972656246e-09,2.0972660609654018e-08,0.24426892849869608
fmul,1.5875498453776046e-08,1.6138076782226562e-08,3.2460067701635646e-09,1.0536559951947696e-17,9.781065441313246e-09,2.085731143043155e-08,0.20113962859183487
frem,1.1385963076636906e-08,1.1391594296409973e-08,3.105755285063079e-09,9.645715890697247e-18,4.025413876488095e-09,1.4946347191220247e-08,0.2726356999952016
fsub,1.5445890880766368e-08,1.5146437145414807e-08,2.503804751591837e-09,6.26903823409386e-18,1.1820111955915183e-08,1.889728364490327e-08,0.16530651581978137
getelementptr,1.6034898303803946e-08,1.7101287841796872e-08,3.812908489433921e-09,1.4538271148797267e-17,1.359212966192336e-08,2.628326416015625e-08,0.22296031297215393
icmp eq,1.574652535574777e-08,1.5972319103422622e-08,3.4074301939510752e-09,1.1610580526649462e-17,9.324210030691966e-09,2.193723406110491e-08,0.213333465972447
icmp ne,1.5687942504882812e-08,1.6195569719587053e-08,4.234844761550064e-09,1.7933910154428022e-17,9.691147577194943e-09,2.4135226295107884e-08,0.2614816789327521
icmp sge,1.7359143211728054e-08,1.7218362717401412e-08,2.7574699725602717e-09,7.603640649571545e-18,1.105081467401413e-08,2.1700177873883927e-08,0.16014704869548874
icmp sgt,1.573789687383743e-08,1.6288848150344122e-08,4.481028263565942e-09,2.0079614298876802e-17,6.831941150483625e-09,2.2163391113281254e-08,0.275097921117969
icmp sle,1.6545341128394716e-08,1.743598211379278e-08,3.3224756546655333e-09,1.1038844475845163e-17,1.1103493826729907e-08,2.3189726329985117e-08,0.1905528253574704
icmp slt,1.634961082821801e-08,1.668948218936012e-08,4.256129760932145e-09,1.8114640541892317e-17,8.046286446707594e-09,2.2829146612258187e-08,0.2550186825835443
icmp uge,1.662208920433408e-08,1.644225347609747e-08,4.026852951939385e-09,1.6215544696542937e-17,6.839207240513395e-09,2.1294185093470977e-08,0.24490882334306094
icmp ule,1.8245606195359e-08,1.7684845697312128e-08,2.4156771119391573e-09,5.835495909146707e-18,1.350493658156622e-08,2.182733444940477e-08,0.13659588289799496
icmp ult,1.7830076671781995e-08,1.6961233956473214e-08,3.9314394739453675e-09,1.5456216337295828e-17,7.56944928850447e-09,2.092543102446056e-08,0.23178970846310054
load,1.866658528645833e-08,1.758975074404762e-08,4.9186996664856305e-09,2.419360640908585e-17,6.3578287760416696e-09,2.284731183733259e-08,0.2796344154080819
lshr,1.8824168613978798e-08,1.763153076171875e-08,4.662640848272926e-09,2.174021967998327e-17,6.7483811151413725e-09,2.384185791015626e-08,0.2644490096342834
mul,1.9810086204892113e-08,1.7878668648856028e-08,4.929113196809873e-09,2.4296156906965248e-17,4.831949869791665e-09,2.1918160574776785e-08,0.2756980004283073
or,2.0205633980887275e-08,1.871581304640997e-08,5.545121071248633e-09,3.074836769480558e-17,5.721137637183783e-09,2.6503063383556546e-08,0.2962799990306746
sdiv,1.7837342761811757e-08,1.7555418468656992e-08,4.8344201755876895e-09,2.3371618434129308e-17,7.86554245721726e-09,2.2577558244977678e-08,0.2753805148090855
select,1.960663568405878e-08,1.85478755405971e-08,4.631594451440355e-09,2.1451667162613082e-17,7.818312872023808e-09,2.409617106119792e-08,0.2497102399303275
sext,2.15684799920945e-08,1.9866125924246655e-08,5.184221980616614e-09,2.6876157544308444e-17,7.298787434895829e-09,2.4352300734747025e-08,0.260957873738697
shl,2.0817347935267855e-08,1.9411268688383557e-08,4.091633814770877e-09,1.6741467274176477e-17,9.749276297433036e-09,2.4619329543340774e-08,0.21078652201746434
srem,1.834733145577567e-08,1.768221173967634e-08,4.745709054558968e-09,2.252175443052297e-17,6.25792003813244e-09,2.2904532296316966e-08,0.26838888281776874
store,1.8948146275111605e-08,1.8332435971214656e-08,4.223008088219461e-09,1.783379731316699e-17,7.53766014462426e-09,2.181098574683779e-08,0.23035717101919087
sub,1.864569527762277e-08,1.9223531087239583e-08,4.519149900135515e-09,2.0422715819894834e-17,9.574890136718745e-09,2.582186744326637e-08,0.23508427664131323
switch,1.464889163062686e-08,1.725414821079799e-08,7.132322946453276e-09,5.0870030612503946e-17,1.158033098493304e-08,3.370194208054315e-08,0.41336859167523127
udiv,1.663389660063244e-08,1.727930704752604e-08,5.183535367147326e-09,2.686903890246717e-17,7.084437779017855e-09,2.6724679129464287e-08,0.2999851413537719
urem,1.7363684517996654e-08,1.7452694120861238e-08,4.317827303638156e-09,1.864363262404315e-17,8.508591424851195e-09,2.303532191685268e-08,0.2474017635178198
xor,1.911117917015439e-08,1.8986656552269346e-08,6.024857936338936e-09,3.6298913153066264e-17,7.080804734002979e-09,2.9147920154389878e-08,0.317320636192728
zext,1.9350051879882808e-08,1.9077028547014508e-08,6.576407931226687e-09,4.3249141277901265e-17,5.8855329241071505e-09,3.0301411946614584e-08,0.34472915501590906